[
  {
    "_Id": 1,
    "Building": {
      "Value": 1,
      "RequirementValue": "string",
      "RequirementText": "string",
      "ApprovalFlag": "0",
      "LastModifiedId": "string"
    },
    "Stairs": {
      "Value": "A",
      "Requirementvalue": "string",
      "RequirementText": "string",
      "ApprovalFlag": "0",
      "LastModifiedId": "string"
    },
    "Window": {
      "Value": true,
      "Requirementvalue": "string",
      "RequirementText": "string",
      "ApprovalFlag": "0",
      "LastModifiedId": "string"
    },
    "Doors": {
      "RefX:": {
        "X:": {
          "Value": 3.9,
          "Requirementvalue": "string",
          "RequirementText": "string",
          "ApprovalFlag": "0",
          "LastModifiedId": "string"
        },
        "Y:": {
          "Value": "0",
          "Requirementvalue": "string",
          "RequirementText": "string",
          "ApprovalFlag": "0",
          "LastModifiedId": "string"
        },
        "Z:": {
          "value": "0",
          "RequirementValue": "string",
          "RequirementText": "string",
          "ApprovalFlag": "0",
          "LastModifiedId": "string"
        }
      }
    }
  },
  {
    "_Id": 2,
    "Building": {
      "Value": 2,
      "RequirementValue": "string",
      "RequirementText": "string",
      "ApprovalFlag": "0",
      "LastModifiedId": "string"
    },
    "Stairs": {
      "Value": "B",
      "Requirementvalue": "string",
      "RequirementText": "string",
      "ApprovalFlag": "0",
      "LastModifiedId": "string"
    },
    "Window": {
      "Value": true,
      "Requirementvalue": "string",
      "RequirementText": "string",
      "ApprovalFlag": "0",
      "LastModifiedId": "string"
    },
    "Doors": {
      "RefX:": {
        "X:": {
          "Value": 3.8,
          "Requirementvalue": "string",
          "RequirementText": "string",
          "ApprovalFlag": "0",
          "LastModifiedId": "string"
        },
        "Y:": {
          "Value": "0",
          "Requirementvalue": "string",
          "RequirementText": "string",
          "ApprovalFlag": "0",
          "LastModifiedId": "string"
        },
        "Z:": {
          "value": "0",
          "RequirementValue": "string",
          "RequirementText": "string",
          "ApprovalFlag": "0",
          "LastModifiedId": "string"
        }
      }
    }
  },
  {
    "_Id": 3,
    "Building": {
      "Value": 3,
      "RequirementValue": "string",
      "RequirementText": "string",
      "ApprovalFlag": "0",
      "LastModifiedId": "string"
    },
    "Stairs": {
      "Value": "C",
      "Requirementvalue": "string",
      "RequirementText": "string",
      "ApprovalFlag": "0",
      "LastModifiedId": "string"
    },
    "Window": {
      "Value": true,
      "Requirementvalue": "string",
      "RequirementText": "string",
      "ApprovalFlag": "0",
      "LastModifiedId": "string"
    },
    "Doors": {
      "RefX:": {
        "X:": {
          "Value": 3.7,
          "Requirementvalue": "string",
          "RequirementText": "string",
          "ApprovalFlag": "0",
          "LastModifiedId": "string"
        },
        "Y:": {
          "Value": "0",
          "Requirementvalue": "string",
          "RequirementText": "string",
          "ApprovalFlag": "0",
          "LastModifiedId": "string"
        },
        "Z:": {
          "value": "0",
          "RequirementValue": "string",
          "RequirementText": "string",
          "ApprovalFlag": "0",
          "LastModifiedId": "string"
        }
      }
    }
  },
  {
    "_Id": 4,
    "Building": {
      "Value": 4,
      "RequirementValue": "string",
      "RequirementText": "string",
      "ApprovalFlag": "0",
      "LastModifiedId": "string"
    },
    "Stairs": {
      "Value": "D",
      "Requirementvalue": "string",
      "RequirementText": "string",
      "ApprovalFlag": "0",
      "LastModifiedId": "string"
    },
    "Window": {
      "Value": true,
      "Requirementvalue": "string",
      "RequirementText": "string",
      "ApprovalFlag": "0",
      "LastModifiedId": "string"
    },
    "Doors": {
      "RefX:": {
        "X:": {
          "Value": 3.6,
          "Requirementvalue": "string",
          "RequirementText": "string",
          "ApprovalFlag": "0",
          "LastModifiedId": "string"
        },
        "Y:": {
          "Value": "0",
          "Requirementvalue": "string",
          "RequirementText": "string",
          "ApprovalFlag": "0",
          "LastModifiedId": "string"
        },
        "Z:": {
          "value": "0",
          "RequirementValue": "string",
          "RequirementText": "string",
          "ApprovalFlag": "0",
          "LastModifiedId": "string"
        }
      }
    }
  },
  {
    "_Id": 5,
    "Building": {
      "Value": 5,
      "RequirementValue": "string",
      "RequirementText": "string",
      "ApprovalFlag": "0",
      "LastModifiedId": "string"
    },
    "Stairs": {
      "Value": "E",
      "Requirementvalue": "string",
      "RequirementText": "string",
      "ApprovalFlag": "0",
      "LastModifiedId": "string"
    },
    "Window": {
      "Value": true,
      "Requirementvalue": "string",
      "RequirementText": "string",
      "ApprovalFlag": "0",
      "LastModifiedId": "string"
    },
    "Doors": {
      "RefX:": {
        "X:": {
          "Value": 3.5,
          "Requirementvalue": "string",
          "RequirementText": "string",
          "ApprovalFlag": "0",
          "LastModifiedId": "string"
        },
        "Y:": {
          "Value": "0",
          "Requirementvalue": "string",
          "RequirementText": "string",
          "ApprovalFlag": "0",
          "LastModifiedId": "string"
        },
        "Z:": {
          "value": "0",
          "RequirementValue": "string",
          "RequirementText": "string",
          "ApprovalFlag": "0",
          "LastModifiedId": "string"
        }
      }
    }
  },
  {
    "_Id": 6,
    "Building": {
      "Value": 6,
      "RequirementValue": "string",
      "RequirementText": "string",
      "ApprovalFlag": "0",
      "LastModifiedId": "string"
    },
    "Stairs": {
      "Value": "G",
      "Requirementvalue": "string",
      "RequirementText": "string",
      "ApprovalFlag": "0",
      "LastModifiedId": "string"
    },
    "Window": {
      "Value": false,
      "Requirementvalue": "string",
      "RequirementText": "string",
      "ApprovalFlag": "0",
      "LastModifiedId": "string"
    },
    "Doors": {
      "RefX:": {
        "X:": {
          "Value": 3.9,
          "Requirementvalue": "string",
          "RequirementText": "string",
          "ApprovalFlag": "0",
          "LastModifiedId": "string"
        },
        "Y:": {
          "Value": "0",
          "Requirementvalue": "string",
          "RequirementText": "string",
          "ApprovalFlag": "0",
          "LastModifiedId": "string"
        },
        "Z:": {
          "value": "0",
          "RequirementValue": "string",
          "RequirementText": "string",
          "ApprovalFlag": "0",
          "LastModifiedId": "string"
        }
      }
    }
  },
  {
    "_Id": 7,
    "Building": {
      "Value": 7,
      "RequirementValue": "string",
      "RequirementText": "string",
      "ApprovalFlag": "0",
      "LastModifiedId": "string"
    },
    "Stairs": {
      "Value": "H",
      "Requirementvalue": "string",
      "RequirementText": "string",
      "ApprovalFlag": "0",
      "LastModifiedId": "string"
    },
    "Window": {
      "Value": false,
      "Requirementvalue": "string",
      "RequirementText": "string",
      "ApprovalFlag": "0",
      "LastModifiedId": "string"
    },
    "Doors": {
      "RefX:": {
        "X:": {
          "Value": 3.8,
          "Requirementvalue": "string",
          "RequirementText": "string",
          "ApprovalFlag": "0",
          "LastModifiedId": "string"
        },
        "Y:": {
          "Value": "0",
          "Requirementvalue": "string",
          "RequirementText": "string",
          "ApprovalFlag": "0",
          "LastModifiedId": "string"
        },
        "Z:": {
          "value": "0",
          "RequirementValue": "string",
          "RequirementText": "string",
          "ApprovalFlag": "0",
          "LastModifiedId": "string"
        }
      }
    }
  },
  {
    "_Id": 8,
    "Building": {
      "Value": 8,
      "RequirementValue": "string",
      "RequirementText": "string",
      "ApprovalFlag": "0",
      "LastModifiedId": "string"
    },
    "Stairs": {
      "Value": "J",
      "Requirementvalue": "string",
      "RequirementText": "string",
      "ApprovalFlag": "0",
      "LastModifiedId": "string"
    },
    "Window": {
      "Value": false,
      "Requirementvalue": "string",
      "RequirementText": "string",
      "ApprovalFlag": "0",
      "LastModifiedId": "string"
    },
    "Doors": {
      "RefX:": {
        "X:": {
          "Value": 3.7,
          "Requirementvalue": "string",
          "RequirementText": "string",
          "ApprovalFlag": "0",
          "LastModifiedId": "string"
        },
        "Y:": {
          "Value": "0",
          "Requirementvalue": "string",
          "RequirementText": "string",
          "ApprovalFlag": "0",
          "LastModifiedId": "string"
        },
        "Z:": {
          "value": "0",
          "RequirementValue": "string",
          "RequirementText": "string",
          "ApprovalFlag": "0",
          "LastModifiedId": "string"
        }
      }
    }
  },
  {
    "_Id": 9,
    "Building": {
      "Value": 9,
      "RequirementValue": "string",
      "RequirementText": "string",
      "ApprovalFlag": "0",
      "LastModifiedId": "string"
    },
    "Stairs": {
      "Value": "K",
      "Requirementvalue": "string",
      "RequirementText": "string",
      "ApprovalFlag": "0",
      "LastModifiedId": "string"
    },
    "Window": {
      "Value": false,
      "Requirementvalue": "string",
      "RequirementText": "string",
      "ApprovalFlag": "0",
      "LastModifiedId": "string"
    },
    "Doors": {
      "RefX:": {
        "X:": {
          "Value": 3.6,
          "Requirementvalue": "string",
          "RequirementText": "string",
          "ApprovalFlag": "0",
          "LastModifiedId": "string"
        },
        "Y:": {
          "Value": "0",
          "Requirementvalue": "string",
          "RequirementText": "string",
          "ApprovalFlag": "0",
          "LastModifiedId": "string"
        },
        "Z:": {
          "value": "0",
          "RequirementValue": "string",
          "RequirementText": "string",
          "ApprovalFlag": "0",
          "LastModifiedId": "string"
        }
      }
    }
  },
  {
    "_Id": 10,
    "Building": {
      "Value": 10,
      "RequirementValue": "string",
      "RequirementText": "string",
      "ApprovalFlag": "0",
      "LastModifiedId": "string"
    },
    "Stairs": {
      "Value": "L",
      "Requirementvalue": "string",
      "RequirementText": "string",
      "ApprovalFlag": "0",
      "LastModifiedId": "string"
    },
    "Window": {
      "Value": false,
      "Requirementvalue": "string",
      "RequirementText": "string",
      "ApprovalFlag": "0",
      "LastModifiedId": "string"
    },
    "Doors": {
      "RefX:": {
        "X:": {
          "Value": 3.5,
          "Requirementvalue": "string",
          "RequirementText": "string",
          "ApprovalFlag": "0",
          "LastModifiedId": "string"
        },
        "Y:": {
          "Value": "0",
          "Requirementvalue": "string",
          "RequirementText": "string",
          "ApprovalFlag": "0",
          "LastModifiedId": "string"
        },
        "Z:": {
          "value": "0",
          "RequirementValue": "string",
          "RequirementText": "string",
          "ApprovalFlag": "0",
          "LastModifiedId": "string"
        }
      }
    }
  }
]